first_name,last_name,email,ip_address,Phone Number
Ronald,Murphy,rmurphy0@sphinn.com,167.241.233.163,54-(950)244-3045
Craig,Mason,cmason1@cocolog-nifty.com,238.114.201.17,255-(479)375-3509
David,Sims,dsims2@bing.com,54.247.68.20,63-(995)282-7714
Ruth,Fisher,rfisher3@canalblog.com,38.183.79.120,62-(131)693-7094
Jack,Pierce,jpierce4@yandex.ru,133.194.133.194,86-(742)405-8003
Jose,Burton,jburton5@virginia.edu,162.125.89.49,977-(488)636-2628
Douglas,Hamilton,dhamilton6@people.com.cn,178.239.70.32,86-(614)164-2608
Richard,Ward,rward7@artisteer.com,9.13.185.230,86-(252)503-0034
Charles,Meyer,cmeyer8@opensource.org,133.50.123.136,86-(198)332-0441
Linda,Mitchell,lmitchell9@is.gd,100.199.141.165,33-(488)223-8880
Michelle,Reynolds,mreynoldsa@nature.com,245.203.100.239,371-(319)723-8990
Michael,Harrison,mharrisonb@blogspot.com,32.62.69.191,51-(864)158-8617
Lawrence,Butler,lbutlerc@typepad.com,25.255.96.77,48-(870)943-1724
Sean,Porter,sporterd@ifeng.com,211.56.76.155,53-(283)670-7188
Gregory,Hayes,ghayese@reverbnation.com,48.122.246.8,420-(216)281-0978
Anne,Marshall,amarshallf@nature.com,233.48.145.134,86-(364)891-8364
Alan,Jordan,ajordang@prlog.org,222.188.243.136,263-(968)942-0163
Sandra,Adams,sadamsh@apache.org,95.125.238.141,216-(609)238-0806
Gregory,Jones,gjonesi@is.gd,153.43.71.188,39-(524)703-5418
Larry,Ray,lrayj@tumblr.com,136.22.64.151,47-(916)570-6918
Christine,Morales,cmoralesk@ezinearticles.com,247.202.14.54,62-(734)198-9998
Dennis,Young,dyoungl@yellowpages.com,25.142.187.242,7-(118)845-4225
Steven,Pierce,spiercem@msu.edu,118.41.133.5,86-(580)515-5022
Edward,Miller,emillern@devhub.com,240.160.116.226,63-(826)507-7974
Bonnie,Garrett,bgarretto@techcrunch.com,249.90.121.174,86-(680)792-4391
Christopher,Watson,cwatsonp@vimeo.com,91.38.136.39,48-(289)977-5743
Sandra,Arnold,sarnoldq@pagesperso-orange.fr,233.168.105.50,86-(962)681-9168
Brandon,Martin,bmartinr@shop-pro.jp,101.233.96.138,86-(690)334-6514
Richard,Harrison,rharrisons@nymag.com,51.21.8.117,63-(460)784-8764
Paul,Dean,pdeant@statcounter.com,115.39.18.184,81-(212)897-7259
Kenneth,Harrison,kharrisonu@dailymail.co.uk,134.49.96.58,62-(657)958-7209
Gloria,Montgomery,gmontgomeryv@t-online.de,130.131.167.62,48-(407)741-8522
George,Warren,gwarrenw@indiegogo.com,149.162.92.68,86-(851)984-7139
Martin,Burke,mburkex@cbc.ca,108.62.203.0,261-(610)562-6251
Randy,Perkins,rperkinsy@yahoo.com,116.197.128.182,380-(450)627-0026
Albert,Warren,awarrenz@icq.com,107.79.71.195,48-(679)568-4763
Ronald,Garrett,rgarrett10@who.int,133.102.133.85,51-(432)669-3693
Nicholas,Morales,nmorales11@nytimes.com,31.185.237.139,63-(807)395-7764
Ryan,Burns,rburns12@berkeley.edu,82.44.179.80,7-(804)944-7173
Jeremy,Thompson,jthompson13@usda.gov,74.239.94.190,51-(523)611-7145
James,Chavez,jchavez14@cafepress.com,116.177.201.50,353-(377)766-8675
George,Richards,grichards15@jalbum.net,120.68.141.34,237-(685)155-4222
Tina,Davis,tdavis16@pen.io,183.24.206.220,48-(975)153-4015
Joseph,Richardson,jrichardson17@domainmarket.com,49.29.82.20,55-(490)951-7993
Chris,Alexander,calexander18@wunderground.com,98.179.172.51,30-(569)102-7123
Fred,Brown,fbrown19@4shared.com,187.132.100.154,55-(722)687-2686
Charles,Sims,csims1a@imdb.com,48.185.141.32,86-(891)185-3507
Janet,Stewart,jstewart1b@engadget.com,150.72.73.63,86-(963)721-8416
Matthew,Howell,mhowell1c@gov.uk,77.205.26.132,55-(824)170-0562
Teresa,Little,tlittle1d@bizjournals.com,95.103.42.168,1-(206)361-9287
Richard,Watkins,rwatkins1e@walmart.com,31.239.65.209,1-(304)713-8271
Emily,Henderson,ehenderson1f@state.tx.us,68.29.172.81,351-(627)761-6555
Kevin,Duncan,kduncan1g@imgur.com,171.42.111.167,1-(206)689-4965
Kenneth,Murphy,kmurphy1h@symantec.com,33.167.230.53,86-(206)442-5602
Carol,Dean,cdean1i@histats.com,242.20.204.198,351-(612)474-2627
Karen,Reynolds,kreynolds1j@vk.com,115.43.55.88,7-(322)359-8666
William,Jackson,wjackson1k@themeforest.net,220.18.40.137,502-(871)171-1174
Arthur,Brooks,abrooks1l@devhub.com,178.191.43.192,60-(853)445-7175
Andrea,White,awhite1m@sourceforge.net,121.51.233.228,46-(621)118-5870
Nicholas,Wheeler,nwheeler1n@illinois.edu,134.22.249.109,86-(262)811-0841
Rose,Carter,rcarter1o@nih.gov,131.193.177.87,504-(620)846-1588
George,Henry,ghenry1p@dell.com,180.108.203.148,86-(200)506-5791
Amy,Carroll,acarroll1q@amazon.de,26.120.53.246,7-(435)903-2888
Martha,Carr,mcarr1r@sakura.ne.jp,199.216.192.223,7-(756)738-7939
Robert,Phillips,rphillips1s@nasa.gov,118.60.23.245,374-(444)890-1994
Brandon,Tucker,btucker1t@google.com.hk,155.38.93.218,48-(177)304-7267
Shawn,Wagner,swagner1u@nyu.edu,235.196.45.92,33-(358)354-6904
Joshua,Alexander,jalexander1v@rediff.com,2.139.211.212,33-(424)723-7882
Brenda,Simpson,bsimpson1w@instagram.com,127.139.245.53,86-(456)282-7761
Joe,Gonzalez,jgonzalez1x@example.com,205.13.108.240,63-(187)936-8293
Robin,Duncan,rduncan1y@google.co.jp,195.75.139.66,63-(375)845-6119
Douglas,Sanders,dsanders1z@pinterest.com,135.71.243.217,62-(377)454-7384
Cynthia,Wells,cwells20@ox.ac.uk,239.1.252.41,380-(480)107-5215
Roger,Watkins,rwatkins21@angelfire.com,69.249.73.205,383-(793)903-4933
Albert,Alvarez,aalvarez22@yellowbook.com,17.109.255.74,86-(979)682-9894
Stephanie,Hicks,shicks23@google.de,179.220.95.246,62-(516)518-5495
Fred,Torres,ftorres24@trellian.com,61.166.2.12,420-(852)687-1018
Laura,Johnston,ljohnston25@independent.co.uk,0.155.79.143,63-(631)995-2921
Denise,Carr,dcarr26@blogspot.com,152.208.28.220,86-(350)552-8859
Jack,Fowler,jfowler27@google.es,98.67.174.1,7-(514)218-7476
Diana,Graham,dgraham28@joomla.org,158.117.65.93,63-(866)487-2255
Frances,Roberts,froberts29@cloudflare.com,218.124.216.215,62-(848)135-5163
Teresa,Morales,tmorales2a@utexas.edu,147.110.53.139,62-(180)201-5956
Jennifer,Howell,jhowell2b@blogger.com,65.67.26.224,86-(161)654-0598
Ronald,Schmidt,rschmidt2c@thetimes.co.uk,95.73.117.155,33-(547)678-2972
Amanda,West,awest2d@europa.eu,57.129.164.185,62-(386)660-5333
Gerald,Williams,gwilliams2e@over-blog.com,161.103.192.213,63-(733)740-3587
Louise,Romero,lromero2f@gmpg.org,20.39.108.152,57-(278)162-7751
Ruby,Graham,rgraham2g@dot.gov,123.220.211.250,51-(396)678-8865
Billy,White,bwhite2h@hhs.gov,135.10.247.216,51-(775)980-0461
Jerry,Fowler,jfowler2i@de.vu,227.189.90.30,33-(311)508-1731
Raymond,Hansen,rhansen2j@java.com,39.71.151.69,86-(631)977-4476
Kathleen,Campbell,kcampbell2k@wikipedia.org,212.23.79.141,86-(459)264-2397
Ryan,Diaz,rdiaz2l@hibu.com,95.82.159.15,351-(213)332-7356
Anna,Richards,arichards2m@tinypic.com,226.149.243.6,63-(460)423-8833
Ryan,Dean,rdean2n@mozilla.com,81.231.242.115,30-(738)273-5541
Robert,Robertson,rrobertson2o@usda.gov,193.110.222.132,62-(849)960-2638
Johnny,Lopez,jlopez2p@webs.com,150.141.64.82,86-(550)143-2897
Betty,Jordan,bjordan2q@friendfeed.com,232.236.194.166,86-(831)932-9879
Mary,Fowler,mfowler2r@slashdot.org,163.81.0.121,965-(874)137-6339
Ryan,Murray,rmurray2s@tuttocitta.it,54.57.222.123,66-(321)758-7464
Annie,Bennett,abennett2t@myspace.com,123.190.135.86,62-(673)790-0285
Terry,Perry,tperry2u@trellian.com,246.25.173.55,62-(857)601-0121
Julia,Dunn,jdunn2v@sbwire.com,209.248.90.94,63-(276)195-0008
Sharon,Weaver,sweaver2w@desdev.cn,69.66.217.107,63-(961)559-8002
Dennis,Thompson,dthompson2x@biblegateway.com,66.4.17.230,86-(422)334-8736
Justin,Edwards,jedwards2y@multiply.com,10.137.221.94,34-(256)111-0227
Lois,Alvarez,lalvarez2z@reddit.com,29.39.100.102,7-(404)991-6461
Robert,Watson,rwatson30@t.co,249.5.141.101,55-(279)874-5384
Sara,Lopez,slopez31@google.com.au,13.4.42.242,242-(662)481-2313
Linda,Palmer,lpalmer32@bbb.org,189.33.153.36,55-(789)326-1681
Catherine,Nichols,cnichols33@tumblr.com,221.60.19.9,7-(494)510-8255
Walter,Williams,wwilliams34@amazon.co.uk,31.67.216.118,7-(233)504-0100
Theresa,Warren,twarren35@angelfire.com,153.246.111.148,86-(492)161-7299
Joyce,Smith,jsmith36@sciencedaily.com,237.146.70.24,242-(302)416-6896
Samuel,Hall,shall37@va.gov,81.41.175.37,86-(206)827-9467
Carl,Perkins,cperkins38@ocn.ne.jp,209.55.226.75,254-(557)461-9058
Karen,Ruiz,kruiz39@miibeian.gov.cn,29.236.180.96,84-(844)373-8156
Tina,Burns,tburns3a@umn.edu,48.73.193.57,63-(624)301-2314
Bobby,Porter,bporter3b@tinypic.com,0.201.238.239,63-(688)311-1341
Diane,Arnold,darnold3c@hibu.com,158.100.130.205,33-(337)731-9367
Chris,Jacobs,cjacobs3d@networksolutions.com,80.128.123.94,62-(104)438-2370
Kelly,Foster,kfoster3e@aboutads.info,136.113.178.206,86-(800)483-9128
Edward,Powell,epowell3f@squidoo.com,6.250.9.210,1-(804)750-4323
Billy,Miller,bmiller3g@indiatimes.com,103.128.59.219,86-(935)244-8083
Brenda,Williams,bwilliams3h@ucla.edu,220.109.219.140,98-(330)105-0100
Frances,Roberts,froberts3i@ebay.com,62.169.224.173,86-(713)474-6613
Jonathan,Simmons,jsimmons3j@mayoclinic.com,68.133.255.238,1-(929)753-5895
Joseph,Graham,jgraham3k@weather.com,46.211.229.120,81-(407)230-7824
Philip,Gonzalez,pgonzalez3l@wikia.com,31.229.81.91,62-(136)576-5721
Irene,Washington,iwashington3m@addthis.com,222.248.34.154,86-(483)765-6763
Scott,Baker,sbaker3n@ocn.ne.jp,59.176.83.182,48-(400)354-9128
Janice,Olson,jolson3o@i2i.jp,47.193.86.204,351-(645)821-8918
Brian,Perez,bperez3p@geocities.jp,18.108.139.169,385-(919)880-6379
Lawrence,Carroll,lcarroll3q@alibaba.com,100.227.120.96,82-(240)918-2763
Sharon,Butler,sbutler3r@usatoday.com,34.131.212.27,55-(990)828-6262
Nicholas,Robinson,nrobinson3s@prnewswire.com,179.70.240.26,54-(927)188-2757
Kimberly,Warren,kwarren3t@xing.com,147.81.240.189,63-(976)469-3450
Rose,Cole,rcole3u@mashable.com,160.32.4.70,960-(454)873-3769
Donna,Snyder,dsnyder3v@ucsd.edu,169.174.95.18,62-(535)713-7894
Louise,Evans,levans3w@craigslist.org,233.11.177.49,57-(508)898-7158
Joan,Lewis,jlewis3x@mlb.com,203.167.248.248,57-(594)776-7262
Louise,Dunn,ldunn3y@amazon.com,66.220.142.156,46-(870)246-9059
Diana,Banks,dbanks3z@bandcamp.com,51.107.175.158,374-(102)994-2112
Louise,Martinez,lmartinez40@theatlantic.com,255.189.168.199,55-(493)597-2999
Johnny,Carter,jcarter41@liveinternet.ru,71.51.219.54,1-(263)790-3945
Ruth,Griffin,rgriffin42@jiathis.com,38.171.99.52,63-(164)889-9019
Jerry,Howard,jhoward43@clickbank.net,63.200.92.132,52-(829)177-6778
Donald,James,djames44@sphinn.com,45.101.152.226,351-(464)818-0743
Eugene,Hall,ehall45@meetup.com,100.228.87.217,62-(154)744-8649
Nicole,Wallace,nwallace46@businesswire.com,15.5.231.107,62-(655)112-6465
Irene,Watkins,iwatkins47@wisc.edu,234.127.73.241,7-(572)951-3370
Matthew,Garrett,mgarrett48@earthlink.net,29.145.126.224,20-(380)683-6729
Kathy,King,kking49@gmpg.org,6.141.219.208,62-(451)829-5779
Susan,Turner,sturner4a@gravatar.com,179.237.227.116,7-(775)428-8890
Mildred,Gonzalez,mgonzalez4b@spiegel.de,136.219.223.165,86-(247)335-5374
Christopher,James,cjames4c@yolasite.com,36.43.146.111,86-(426)736-5773
Julia,Vasquez,jvasquez4d@odnoklassniki.ru,171.122.74.8,224-(880)306-4514
Carol,Day,cday4e@ocn.ne.jp,126.46.199.166,86-(634)311-2253
Gloria,Watkins,gwatkins4f@forbes.com,112.135.161.196,55-(961)211-7714
Theresa,Alexander,talexander4g@chronoengine.com,165.138.243.142,86-(514)662-2806
Louis,Reynolds,lreynolds4h@usa.gov,123.233.249.253,234-(101)565-3492
Christina,Oliver,coliver4i@usnews.com,141.231.194.67,420-(113)320-3761
Rose,Gilbert,rgilbert4j@usa.gov,117.69.58.71,996-(355)298-0913
Jack,Flores,jflores4k@un.org,219.236.179.140,62-(521)642-9492
James,Graham,jgraham4l@nymag.com,205.108.39.238,235-(250)726-2803
Heather,Hughes,hhughes4m@ow.ly,74.175.73.130,86-(504)539-0346
Heather,Miller,hmiller4n@biglobe.ne.jp,156.43.35.152,593-(745)599-1476
Roger,Larson,rlarson4o@altervista.org,186.173.68.201,7-(969)250-1472
Jeremy,Price,jprice4p@blogspot.com,115.82.65.133,351-(262)517-6371
Evelyn,Johnston,ejohnston4q@wikipedia.org,17.73.187.49,54-(390)240-0787
Jane,Ross,jross4r@oaic.gov.au,133.234.11.170,86-(431)969-0612
Ronald,Armstrong,rarmstrong4s@bbb.org,184.230.202.54,509-(293)872-6524
Craig,Meyer,cmeyer4t@narod.ru,230.52.94.216,380-(113)680-4313
Harold,Stewart,hstewart4u@1688.com,200.144.101.40,62-(970)601-8946
Mark,Price,mprice4v@vinaora.com,27.94.178.12,7-(757)655-4811
Anthony,Moreno,amoreno4w@cbc.ca,106.131.221.239,86-(137)874-0369
Betty,Sanders,bsanders4x@upenn.edu,53.36.11.128,86-(163)318-9400
Peter,Reynolds,preynolds4y@nba.com,39.222.181.81,1-(850)107-9897
Jerry,Morris,jmorris4z@sun.com,174.220.11.136,590-(725)819-7384
Catherine,Carpenter,ccarpenter50@latimes.com,183.190.225.23,375-(314)932-2051
Earl,Webb,ewebb51@mozilla.com,110.154.19.113,52-(419)546-1200
Judith,Ortiz,jortiz52@gmpg.org,201.171.38.196,55-(667)454-1357
Kelly,George,kgeorge53@histats.com,124.48.171.123,86-(737)860-5922
Shawn,Bennett,sbennett54@tinyurl.com,53.26.111.238,86-(105)610-9907
Harry,Lawson,hlawson55@google.fr,3.203.79.21,7-(637)980-5514
Douglas,Black,dblack56@google.it,138.207.62.204,55-(732)574-0659
Linda,Collins,lcollins57@issuu.com,186.69.138.13,27-(427)895-6143
Walter,Burke,wburke58@arstechnica.com,15.233.254.115,62-(264)565-6858
Margaret,Tucker,mtucker59@technorati.com,231.164.161.177,81-(214)464-8683
Joan,Burke,jburke5a@1und1.de,97.83.189.144,963-(115)388-2804
Barbara,Ryan,bryan5b@elpais.com,170.23.215.187,66-(734)541-7441
Doris,Cooper,dcooper5c@wp.com,252.252.66.138,63-(567)233-8083
Antonio,Grant,agrant5d@sakura.ne.jp,123.141.89.207,1-(816)607-6603
Joyce,Duncan,jduncan5e@moonfruit.com,207.217.171.218,62-(462)617-6065
Pamela,Payne,ppayne5f@qq.com,143.0.223.51,420-(887)857-5165
Margaret,Crawford,mcrawford5g@epa.gov,178.83.121.142,351-(585)391-9366
Fred,Weaver,fweaver5h@washington.edu,129.230.29.222,55-(510)826-7078
Eric,Fox,efox5i@eventbrite.com,6.192.176.112,66-(816)983-9179
Billy,Fernandez,bfernandez5j@multiply.com,120.3.240.50,55-(814)180-8546
Amy,Hunter,ahunter5k@mapquest.com,175.146.75.8,86-(873)564-3912
Clarence,Wells,cwells5l@webeden.co.uk,41.37.82.191,62-(956)315-9929
Todd,Walker,twalker5m@epa.gov,53.39.143.62,63-(737)381-3689
Louis,Johnson,ljohnson5n@google.com,164.218.31.76,62-(963)844-4786
Julie,Fox,jfox5o@telegraph.co.uk,190.48.51.117,63-(192)969-0919
Doris,Howell,dhowell5p@behance.net,13.206.84.227,1-(792)323-2879
Carlos,Warren,cwarren5q@lycos.com,229.100.106.15,33-(921)239-1167
Shirley,Cruz,scruz5r@stumbleupon.com,93.48.179.155,1-(487)999-7970
Kelly,Moreno,kmoreno5s@lycos.com,226.234.121.153,62-(103)354-1155
Laura,Ross,lross5t@google.com.hk,232.250.67.204,7-(146)173-5382
Ruby,Palmer,rpalmer5u@guardian.co.uk,173.239.84.102,27-(145)137-3605
Gregory,Burns,gburns5v@goodreads.com,86.235.136.103,55-(130)723-3675
Carlos,Porter,cporter5w@g.co,85.94.215.207,352-(500)802-3752
Chris,Robinson,crobinson5x@yahoo.com,224.7.58.110,86-(409)631-1079
Mark,Williamson,mwilliamson5y@cocolog-nifty.com,85.33.111.222,45-(441)372-8032
Harry,Morgan,hmorgan5z@stanford.edu,110.164.28.185,86-(885)310-4960
Wanda,Davis,wdavis60@cornell.edu,79.121.37.111,48-(943)865-5917
Kevin,Jordan,kjordan61@weebly.com,75.172.180.253,86-(644)958-6107
Jeffrey,Gibson,jgibson62@msu.edu,131.199.49.47,86-(907)367-5701
Susan,Moreno,smoreno63@dropbox.com,157.118.32.199,55-(295)342-8799
Christopher,Graham,cgraham64@uiuc.edu,254.23.187.137,359-(301)161-8458
Andrew,Carpenter,acarpenter65@yolasite.com,167.185.22.38,62-(270)859-7741
Earl,Harris,eharris66@infoseek.co.jp,139.233.22.90,381-(883)669-0218
Patrick,Allen,pallen67@patch.com,140.65.136.238,380-(821)810-4066
Joe,Riley,jriley68@google.ca,40.162.169.243,251-(670)913-8766
Dennis,Reed,dreed69@merriam-webster.com,62.54.156.111,212-(909)979-4580
Judy,Reynolds,jreynolds6a@businessweek.com,42.63.12.169,55-(815)243-0310
Alice,Stevens,astevens6b@ovh.net,225.210.158.39,420-(932)519-5571
Paula,Thomas,pthomas6c@cbsnews.com,22.144.187.109,352-(775)633-7165
Stephen,Matthews,smatthews6d@nationalgeographic.com,156.168.255.37,380-(905)701-8460
Larry,Matthews,lmatthews6e@icio.us,41.195.19.42,62-(905)771-6487
Michael,Burke,mburke6f@sakura.ne.jp,3.124.217.202,63-(905)900-8933
Willie,Hill,whill6g@purevolume.com,30.117.29.34,86-(690)170-2787
Brenda,Carpenter,bcarpenter6h@tripadvisor.com,236.169.130.16,62-(903)748-4662
Phillip,Cruz,pcruz6i@blog.com,190.70.134.140,964-(566)184-4723
Debra,King,dking6j@google.de,127.222.243.154,55-(924)709-9555
Shirley,Wallace,swallace6k@wix.com,154.143.183.111,351-(813)387-0817
Jennifer,Turner,jturner6l@github.com,216.102.102.43,81-(733)596-3933
Lillian,Myers,lmyers6m@kickstarter.com,241.220.227.210,7-(990)100-1978
Howard,Pierce,hpierce6n@wired.com,15.122.126.236,62-(100)927-6517
Marilyn,Sanders,msanders6o@illinois.edu,56.83.169.191,1-(302)386-1909
Michael,Meyer,mmeyer6p@hexun.com,240.47.53.107,352-(515)359-1145
Lillian,Bowman,lbowman6q@mac.com,99.243.189.206,55-(715)513-8072
Diane,Williams,dwilliams6r@oaic.gov.au,124.39.194.89,375-(507)322-5325
Ernest,Brown,ebrown6s@state.tx.us,96.95.145.24,33-(353)803-1149
Patrick,Schmidt,pschmidt6t@harvard.edu,87.90.102.129,1-(830)424-2598
Diana,Cook,dcook6u@geocities.jp,79.15.232.1,48-(534)447-3255
Carol,West,cwest6v@storify.com,44.247.54.203,46-(349)345-5424
Paula,Palmer,ppalmer6w@cargocollective.com,79.103.184.13,86-(815)632-2443
Bonnie,Fuller,bfuller6x@icq.com,203.74.152.72,48-(242)969-3340
Brenda,Jenkins,bjenkins6y@paypal.com,18.189.155.6,7-(291)436-7150
Laura,Ray,lray6z@cisco.com,53.195.91.188,351-(852)333-4913
Willie,Montgomery,wmontgomery70@timesonline.co.uk,134.175.134.185,86-(136)796-3901
Angela,Morales,amorales71@canalblog.com,232.98.110.145,7-(207)151-8913
Rachel,Burton,rburton72@ucoz.ru,246.19.7.79,62-(746)866-9572
Barbara,Watson,bwatson73@nymag.com,66.128.64.150,63-(123)311-2735
Anne,Carr,acarr74@cnn.com,214.111.158.146,84-(139)972-3029
Barbara,Perez,bperez75@nationalgeographic.com,140.223.171.134,86-(380)403-2679
Gregory,Payne,gpayne76@sun.com,90.120.166.201,351-(863)990-7466
Rose,Gardner,rgardner77@amazon.co.jp,2.32.141.129,33-(916)863-8620
Jesse,Robinson,jrobinson78@cornell.edu,112.164.226.229,351-(210)737-9570
Elizabeth,White,ewhite79@bing.com,179.82.105.0,351-(811)476-9455
Russell,Fuller,rfuller7a@over-blog.com,237.213.92.192,385-(649)518-3657
Todd,Young,tyoung7b@cyberchimps.com,76.56.135.184,51-(131)867-4859
Angela,Harris,aharris7c@gravatar.com,176.43.212.65,7-(182)565-2598
Brian,Ford,bford7d@sina.com.cn,196.197.0.156,86-(352)553-3577
Roy,Lee,rlee7e@1688.com,3.244.94.194,267-(210)913-2020
Carl,Morgan,cmorgan7f@arstechnica.com,184.136.239.202,86-(352)353-3968
Judy,Harrison,jharrison7g@slashdot.org,45.176.240.150,86-(816)606-8157
Larry,Graham,lgraham7h@edublogs.org,58.24.17.72,223-(586)873-1507
Benjamin,Black,bblack7i@dropbox.com,121.228.89.106,506-(175)575-1779
Gerald,Warren,gwarren7j@answers.com,6.188.175.176,506-(718)488-1974
Amy,Webb,awebb7k@wordpress.com,203.113.67.10,62-(461)597-8704
Phyllis,Tucker,ptucker7l@freewebs.com,234.168.24.97,1-(405)455-5403
Sean,Schmidt,sschmidt7m@nyu.edu,164.236.55.236,86-(656)402-3163
Benjamin,Reed,breed7n@deviantart.com,157.148.182.74,62-(647)906-6319
Teresa,Chavez,tchavez7o@cnet.com,2.234.171.206,62-(297)994-0354
David,Carpenter,dcarpenter7p@de.vu,178.223.236.229,33-(518)975-8479
Kathryn,Welch,kwelch7q@phpbb.com,127.81.195.182,380-(745)990-2401
Teresa,Howell,thowell7r@facebook.com,188.23.41.12,86-(695)244-3344
Sarah,Reed,sreed7s@examiner.com,43.47.90.223,256-(572)388-8862
Mark,Porter,mporter7t@java.com,229.36.203.147,86-(790)356-9591
Randy,Carpenter,rcarpenter7u@photobucket.com,168.24.233.75,51-(831)836-0086
Christina,Meyer,cmeyer7v@constantcontact.com,180.3.27.168,58-(476)288-1468
Anthony,Watkins,awatkins7w@sphinn.com,187.127.31.219,46-(549)595-1174
Clarence,Romero,cromero7x@tinyurl.com,188.50.200.79,356-(256)594-2208
Paul,Watson,pwatson7y@uol.com.br,53.116.150.208,351-(318)244-3892
Sean,Hall,shall7z@webmd.com,215.121.122.63,48-(944)214-7415
Antonio,Fields,afields80@wiley.com,126.198.203.242,7-(977)187-5770
Willie,Clark,wclark81@nytimes.com,130.141.197.152,33-(332)560-0006
Jessica,Payne,jpayne82@imgur.com,41.51.127.7,48-(683)513-8785
Tammy,Peterson,tpeterson83@huffingtonpost.com,176.74.203.110,84-(692)596-2435
Charles,Porter,cporter84@cdbaby.com,249.206.192.154,63-(202)171-1453
Jimmy,Medina,jmedina85@prlog.org,225.15.165.69,972-(260)559-8694
Diana,Richardson,drichardson86@unesco.org,57.157.210.126,86-(572)921-4817
Janet,Mitchell,jmitchell87@shinystat.com,160.223.120.159,63-(377)352-7793
Betty,Reyes,breyes88@google.de,217.188.234.36,420-(323)796-0797
Jesse,Jordan,jjordan89@g.co,165.32.63.40,386-(930)280-7112
Jason,Owens,jowens8a@shop-pro.jp,193.56.225.3,53-(612)716-9318
Louise,Hudson,lhudson8b@wordpress.org,207.189.111.187,7-(627)693-1827
Philip,Carter,pcarter8c@arizona.edu,101.135.175.222,420-(620)896-1986
Wayne,Warren,wwarren8d@apple.com,37.151.144.9,62-(737)665-6126
Brenda,Howard,bhoward8e@fastcompany.com,252.213.36.96,63-(129)995-7778
Anna,Perry,aperry8f@craigslist.org,152.154.183.149,503-(321)444-7859
Gerald,Phillips,gphillips8g@gmpg.org,27.230.70.124,86-(832)717-5151
Bobby,Crawford,bcrawford8h@businessweek.com,136.155.178.79,81-(955)967-3472
Alice,Ford,aford8i@irs.gov,20.231.167.92,225-(233)561-0455
Frances,Edwards,fedwards8j@un.org,199.190.135.113,62-(261)703-4028
Carlos,Clark,cclark8k@webnode.com,104.54.36.54,46-(869)670-6996
Judy,Murray,jmurray8l@com.com,190.220.160.205,33-(378)717-2142
Kimberly,Gonzalez,kgonzalez8m@a8.net,187.154.204.204,420-(314)229-1959
Randy,Stewart,rstewart8n@hatena.ne.jp,1.90.189.210,46-(298)411-1626
Wanda,Richards,wrichards8o@list-manage.com,119.232.142.131,975-(312)281-0171
Joe,Harrison,jharrison8p@ask.com,125.82.41.211,381-(248)271-3586
Joe,Reid,jreid8q@biglobe.ne.jp,136.229.125.168,249-(138)560-8459
Ryan,Lewis,rlewis8r@diigo.com,34.136.28.48,374-(270)481-0975
Jacqueline,Oliver,joliver8s@arizona.edu,158.162.240.221,62-(107)951-0080
Donna,Nelson,dnelson8t@wiley.com,121.5.178.117,62-(572)113-4720
Kathy,Wallace,kwallace8u@mozilla.com,119.121.106.196,7-(790)891-0795
Pamela,Black,pblack8v@webeden.co.uk,99.60.231.247,86-(772)273-1855
Mary,Vasquez,mvasquez8w@reuters.com,126.188.52.193,62-(970)241-5937
Patricia,Harrison,pharrison8x@oaic.gov.au,219.83.210.106,86-(407)368-3607
Brian,Jackson,bjackson8y@shareasale.com,250.184.179.165,55-(719)931-0264
Ronald,Simpson,rsimpson8z@tripod.com,180.121.11.16,976-(229)196-4126
Melissa,Fields,mfields90@hhs.gov,177.149.95.103,252-(843)725-2836
Alice,Long,along91@dropbox.com,122.247.54.64,977-(133)986-1295
Lori,Daniels,ldaniels92@webmd.com,235.77.62.134,7-(817)701-7682
Terry,Baker,tbaker93@newsvine.com,145.168.6.3,385-(418)191-7294
Shawn,Mendoza,smendoza94@google.co.jp,136.16.20.28,84-(153)860-5766
Mark,Lawrence,mlawrence95@photobucket.com,233.252.80.193,66-(411)793-2931
Nicole,Ortiz,nortiz96@cam.ac.uk,202.193.251.30,7-(110)650-7858
Lori,Jordan,ljordan97@smugmug.com,33.206.6.230,86-(798)864-8829
Paula,Fields,pfields98@amazon.de,200.250.165.242,86-(153)710-8961
Roy,Cook,rcook99@is.gd,149.106.106.18,686-(674)408-4200
Phillip,Knight,pknight9a@123-reg.co.uk,124.246.33.188,33-(574)236-8406
Anna,Ross,aross9b@zimbio.com,204.39.179.114,84-(969)186-0775
Judy,Lane,jlane9c@microsoft.com,229.190.24.138,86-(369)192-7334
Wanda,Olson,wolson9d@barnesandnoble.com,52.69.18.195,351-(197)686-1215
Jean,Sullivan,jsullivan9e@senate.gov,103.203.184.1,86-(538)482-9350
Judith,Garcia,jgarcia9f@berkeley.edu,240.198.111.160,7-(999)867-3623
Lori,Watkins,lwatkins9g@hibu.com,5.38.77.201,254-(187)356-1929
Christine,Ellis,cellis9h@usatoday.com,71.11.152.184,66-(768)893-5025
Stephen,Cooper,scooper9i@sina.com.cn,152.20.29.29,46-(145)361-4789
William,Martin,wmartin9j@unicef.org,69.57.116.208,48-(281)785-0244
Shirley,Johnston,sjohnston9k@theatlantic.com,200.56.89.106,375-(446)731-5433
Joan,Torres,jtorres9l@opera.com,76.230.81.117,62-(280)946-5141
Paul,Fisher,pfisher9m@china.com.cn,237.172.4.201,62-(393)423-8706
Frank,Kim,fkim9n@rakuten.co.jp,29.116.26.221,54-(558)960-4652
Robin,Bishop,rbishop9o@ocn.ne.jp,46.108.72.205,351-(697)263-8679
Kathy,Parker,kparker9p@tuttocitta.it,92.152.36.134,81-(394)447-7022
Jacqueline,Welch,jwelch9q@4shared.com,162.52.99.87,33-(629)462-2351
Howard,Willis,hwillis9r@sphinn.com,240.251.121.98,63-(348)827-9722
Anne,Powell,apowell9s@usda.gov,253.171.104.124,55-(921)198-4643
Kelly,Ward,kward9t@apache.org,2.229.49.221,55-(168)813-9483
Julia,Perkins,jperkins9u@dell.com,29.145.79.137,31-(484)549-5797
Irene,Castillo,icastillo9v@over-blog.com,226.112.166.193,63-(372)673-9679
Melissa,Matthews,mmatthews9w@tripadvisor.com,37.15.136.8,351-(670)689-8052
Sean,Jenkins,sjenkins9x@netscape.com,128.66.78.52,998-(883)462-6898
Helen,Bennett,hbennett9y@biglobe.ne.jp,35.168.64.114,968-(877)693-3987
Anna,Garrett,agarrett9z@reference.com,76.2.99.36,63-(184)121-4850
Ruby,Griffin,rgriffina0@alexa.com,104.96.111.162,51-(443)834-2294
Amanda,Jackson,ajacksona1@unesco.org,50.206.21.101,62-(442)570-8331
Emily,Oliver,eolivera2@ameblo.jp,237.105.172.232,62-(298)653-8204
Jerry,Barnes,jbarnesa3@theatlantic.com,222.96.114.152,389-(394)717-5752
Frank,Hernandez,fhernandeza4@flickr.com,58.3.127.225,56-(324)391-3773
Larry,Nelson,lnelsona5@theatlantic.com,199.137.204.251,7-(244)365-3069
Helen,Cook,hcooka6@arizona.edu,101.65.93.188,51-(720)214-7600
Shawn,Sanchez,ssancheza7@360.cn,72.24.18.250,33-(830)571-4370
Jonathan,Brooks,jbrooksa8@ezinearticles.com,146.27.251.7,55-(762)729-8664
Nicholas,Adams,nadamsa9@fastcompany.com,141.217.26.110,47-(211)990-3705
Patrick,Hunt,phuntaa@rakuten.co.jp,129.247.124.4,86-(768)788-8931
Lois,Greene,lgreeneab@un.org,27.137.149.140,48-(824)503-6868
Henry,Ray,hrayac@com.com,56.203.82.101,355-(504)699-7388
Andrea,Harris,aharrisad@va.gov,41.227.9.12,86-(624)237-9924
Eric,Bishop,ebishopae@wp.com,108.143.142.245,691-(811)309-4333
Fred,Evans,fevansaf@geocities.jp,170.153.60.197,420-(924)598-9465
Louise,Ford,lfordag@comcast.net,228.186.63.9,1-(176)841-0657
Kimberly,Lee,kleeah@timesonline.co.uk,11.115.155.87,45-(404)633-9796
Samuel,Perez,sperezai@columbia.edu,79.96.173.208,66-(621)681-0567
Eric,Young,eyoungaj@free.fr,162.247.13.83,86-(561)336-9348
Walter,Arnold,warnoldak@live.com,4.125.27.52,86-(563)261-2489
Roger,Payne,rpayneal@creativecommons.org,34.21.82.104,86-(629)939-2201
Robert,Fuller,rfulleram@google.com.br,81.121.5.113,62-(119)902-6932
Theresa,Shaw,tshawan@discuz.net,248.109.100.186,46-(545)416-1394
Bruce,Stephens,bstephensao@taobao.com,173.205.243.53,351-(189)674-5033
John,Hicks,jhicksap@addtoany.com,146.198.212.10,55-(706)674-0418
Edward,Ward,ewardaq@wisc.edu,217.28.160.71,86-(698)612-8686
Brenda,Fields,bfieldsar@shareasale.com,116.222.221.128,351-(131)121-6659
Henry,Clark,hclarkas@icio.us,64.41.205.43,387-(175)760-5743
Brenda,Diaz,bdiazat@usnews.com,237.232.85.50,255-(808)974-3811
Janice,Long,jlongau@chron.com,209.166.228.244,7-(255)612-8037
Lisa,Fernandez,lfernandezav@163.com,132.88.2.195,56-(963)455-8637
Gloria,Willis,gwillisaw@blogger.com,77.65.254.8,55-(556)722-7831
Scott,Harrison,sharrisonax@home.pl,100.189.25.251,54-(223)668-1167
Rose,Woods,rwoodsay@prnewswire.com,169.62.97.164,63-(312)647-3642
Gary,Hunter,ghunteraz@java.com,137.229.154.87,63-(329)649-4236
Christina,Gray,cgrayb0@java.com,110.122.162.57,86-(697)995-7765
Martha,Castillo,mcastillob1@japanpost.jp,251.102.149.236,48-(406)120-1016
Rachel,Hamilton,rhamiltonb2@hubpages.com,116.217.186.7,7-(977)739-7388
Joshua,Holmes,jholmesb3@ezinearticles.com,55.31.36.112,242-(364)791-1748
Kathy,Richards,krichardsb4@imdb.com,4.142.4.23,47-(114)375-8721
Randy,Hayes,rhayesb5@loc.gov,16.171.179.220,358-(621)403-7588
Ruby,Sanders,rsandersb6@npr.org,167.19.166.130,33-(981)154-7035
Robin,Rose,rroseb7@alibaba.com,253.51.248.85,48-(776)134-6328
Christopher,Stone,cstoneb8@bandcamp.com,61.87.125.18,27-(210)677-7985
Jacqueline,Lewis,jlewisb9@sciencedirect.com,89.238.48.230,63-(573)534-7606
Jonathan,Sanchez,jsanchezba@uol.com.br,42.19.74.76,351-(463)816-6746
Barbara,Frazier,bfrazierbb@google.co.uk,188.27.231.205,963-(150)503-2909
Angela,Hudson,ahudsonbc@hubpages.com,60.149.156.202,998-(916)912-2749
Philip,Reid,preidbd@va.gov,67.115.186.217,1-(971)389-5711
Andrea,Berry,aberrybe@bloglines.com,141.80.156.174,63-(498)404-7025
Louise,Harper,lharperbf@taobao.com,238.0.126.13,62-(864)120-4861
Dennis,Morris,dmorrisbg@house.gov,2.144.205.242,55-(685)145-1211
Michael,Washington,mwashingtonbh@webeden.co.uk,100.38.23.78,7-(604)752-0307
Elizabeth,Arnold,earnoldbi@google.com.hk,223.63.49.212,81-(361)582-8445
Denise,Medina,dmedinabj@un.org,38.108.241.182,62-(426)449-3980
Randy,Ryan,rryanbk@huffingtonpost.com,211.103.206.144,46-(319)783-4759
George,Palmer,gpalmerbl@multiply.com,22.177.106.100,382-(112)985-4437
Teresa,Hudson,thudsonbm@archive.org,2.91.139.171,386-(345)595-8695
Angela,Larson,alarsonbn@hp.com,24.177.135.212,389-(774)471-6817
Debra,Warren,dwarrenbo@discovery.com,69.20.248.119,86-(942)182-5554
Daniel,King,dkingbp@facebook.com,38.95.13.18,86-(291)138-2541
Carl,Spencer,cspencerbq@tmall.com,204.132.130.114,254-(472)912-9694
George,Stevens,gstevensbr@marketwatch.com,75.228.116.23,7-(758)919-9887
Stephanie,Flores,sfloresbs@goo.ne.jp,58.187.240.144,86-(371)517-5001
Shawn,Parker,sparkerbt@pagesperso-orange.fr,75.83.54.136,86-(875)561-6837
Jerry,Hart,jhartbu@forbes.com,65.112.176.220,351-(834)773-9087
Scott,Garza,sgarzabv@reuters.com,204.11.112.207,7-(159)383-1119
Dorothy,Elliott,delliottbw@forbes.com,252.100.191.83,992-(343)238-5573
Joshua,Fuller,jfullerbx@dailymotion.com,26.213.104.22,51-(615)853-6188
Dennis,Moore,dmooreby@spiegel.de,32.101.102.176,86-(314)228-7738
Beverly,Dunn,bdunnbz@howstuffworks.com,242.92.21.105,34-(386)859-8008
Margaret,Jacobs,mjacobsc0@bloglines.com,59.62.246.45,86-(425)341-1125
Ernest,Smith,esmithc1@paypal.com,32.147.155.15,48-(324)618-2726
Sharon,Morgan,smorganc2@princeton.edu,43.8.172.192,62-(829)363-0759
Jessica,Carter,jcarterc3@washingtonpost.com,118.86.230.182,55-(338)702-5002
Nicole,Moreno,nmorenoc4@yahoo.com,102.207.254.192,32-(315)720-6225
Lawrence,Murray,lmurrayc5@google.co.jp,226.253.226.54,63-(278)689-3305
Rose,Stevens,rstevensc6@rambler.ru,201.255.204.128,86-(759)779-0014
Patricia,Oliver,poliverc7@ftc.gov,72.184.96.148,62-(172)922-7290
Marilyn,Burke,mburkec8@hao123.com,183.211.7.153,7-(950)450-1827
Jeremy,Mills,jmillsc9@homestead.com,23.110.68.112,51-(169)329-0266
Julia,Perez,jperezca@dmoz.org,255.113.133.22,33-(501)746-0209
Theresa,Wright,twrightcb@gizmodo.com,183.5.204.209,62-(799)258-1138
Jennifer,Ryan,jryancc@oracle.com,187.242.234.129,81-(805)727-3657
Jack,Marshall,jmarshallcd@bandcamp.com,59.222.186.240,93-(110)308-9607
Amanda,Bowman,abowmance@google.ca,8.145.245.157,62-(876)414-2760
Cynthia,Fowler,cfowlercf@behance.net,252.83.159.203,86-(117)649-7403
Anne,Gonzales,agonzalescg@g.co,117.121.129.6,1-(486)346-2769
Kevin,Gibson,kgibsonch@deliciousdays.com,123.144.26.225,380-(684)724-9084
Charles,Cunningham,ccunninghamci@samsung.com,101.74.76.6,54-(747)184-4633
Pamela,Carroll,pcarrollcj@indiegogo.com,90.72.218.152,374-(431)919-3742
Michael,Peters,mpetersck@opensource.org,104.173.125.212,55-(209)577-0897
Phillip,Hamilton,phamiltoncl@discuz.net,54.74.238.87,86-(628)974-6517
Jonathan,Richardson,jrichardsoncm@alexa.com,76.43.16.173,212-(528)902-8448
Bonnie,Hunter,bhuntercn@tumblr.com,207.238.243.212,46-(733)738-4283
Sandra,Lynch,slynchco@marriott.com,229.235.53.131,886-(669)336-4897
Thomas,Ramos,tramoscp@intel.com,78.177.171.98,86-(575)476-8358
Rachel,Perez,rperezcq@mozilla.org,6.109.134.155,54-(394)774-5075
Nicole,Black,nblackcr@google.nl,165.219.124.91,55-(264)428-7852
Charles,Lane,clanecs@about.com,93.242.208.230,63-(911)718-9873
Matthew,Hunter,mhunterct@independent.co.uk,36.237.101.165,62-(284)245-1597
Paula,Freeman,pfreemancu@shinystat.com,178.108.63.247,420-(109)644-8654
Julia,Alexander,jalexandercv@shutterfly.com,4.46.231.129,57-(726)267-3600
Eugene,Garcia,egarciacw@washington.edu,123.14.88.175,52-(157)102-3602
Gloria,Perkins,gperkinscx@addthis.com,203.69.142.105,216-(365)371-5236
Jeffrey,Gordon,jgordoncy@trellian.com,5.169.191.81,86-(906)383-7302
Carl,Reid,creidcz@archive.org,237.9.43.140,62-(923)159-6569
Keith,Wheeler,kwheelerd0@paypal.com,12.80.149.236,880-(966)915-8696
Tammy,Graham,tgrahamd1@nbcnews.com,244.20.216.227,34-(212)283-8691
Jacqueline,Cruz,jcruzd2@adobe.com,186.201.186.17,48-(849)766-0299
Melissa,Daniels,mdanielsd3@nifty.com,166.73.123.11,380-(772)736-3400
Sarah,Robertson,srobertsond4@cbc.ca,245.30.241.128,52-(988)807-5495
Phillip,Romero,promerod5@pagesperso-orange.fr,250.44.110.179,60-(402)932-9097
Cheryl,Matthews,cmatthewsd6@lycos.com,167.224.86.108,60-(425)244-1871
Anna,Morris,amorrisd7@wikipedia.org,108.233.196.38,86-(288)101-3788
Adam,Shaw,ashawd8@princeton.edu,100.136.235.99,62-(658)158-0347
Beverly,Boyd,bboydd9@usnews.com,167.39.70.97,86-(359)593-6398
Joseph,Dunn,jdunnda@hp.com,179.150.209.22,86-(510)282-6536
Paula,Riley,prileydb@google.cn,101.116.149.149,387-(186)249-3612
Lori,Fox,lfoxdc@chronoengine.com,25.157.190.10,351-(124)272-6804
Diana,Brown,dbrowndd@mayoclinic.com,242.217.211.144,86-(341)383-4867
Frank,Diaz,fdiazde@boston.com,144.43.210.40,86-(533)775-0754
Albert,Young,ayoungdf@unesco.org,204.149.91.178,86-(105)496-3125
Patrick,Ortiz,portizdg@php.net,163.18.109.159,27-(260)737-3811
Judy,Franklin,jfranklindh@wikispaces.com,252.55.98.89,62-(907)851-1145
Laura,Ferguson,lfergusondi@nyu.edu,99.104.161.10,58-(339)376-9917
Louis,Pierce,lpiercedj@nsw.gov.au,236.167.167.175,86-(403)282-6242
Sarah,Nichols,snicholsdk@utexas.edu,116.112.134.114,375-(104)728-0110
Emily,Webb,ewebbdl@tripadvisor.com,212.200.7.251,33-(922)247-0585
Ann,Henry,ahenrydm@earthlink.net,145.183.91.253,86-(948)213-7682
Joan,Mendoza,jmendozadn@privacy.gov.au,145.92.227.135,963-(826)258-5840
Andrea,Rogers,arogersdo@cafepress.com,162.251.180.117,86-(328)734-6811
Gloria,Fernandez,gfernandezdp@de.vu,226.138.53.194,269-(871)714-8996
Clarence,Anderson,candersondq@umich.edu,22.206.101.124,63-(766)824-6698
Bobby,Ross,brossdr@desdev.cn,187.60.49.27,507-(912)186-6114
Sarah,Romero,sromerods@sakura.ne.jp,172.254.102.44,30-(265)737-8390
Theresa,George,tgeorgedt@prnewswire.com,132.147.64.67,48-(531)209-1450
Paula,Wright,pwrightdu@nsw.gov.au,237.154.246.2,7-(651)593-0190
Phillip,Davis,pdavisdv@clickbank.net,208.111.23.164,47-(552)686-2354
Amanda,Oliver,aoliverdw@myspace.com,76.20.129.97,7-(392)960-1723
Marilyn,Schmidt,mschmidtdx@merriam-webster.com,33.29.238.45,63-(383)688-8421
Diana,Garza,dgarzady@blogs.com,96.166.85.123,7-(629)545-0270
Patricia,Bailey,pbaileydz@instagram.com,26.114.51.70,62-(409)501-8906
Jean,Simpson,jsimpsone0@taobao.com,148.18.91.182,86-(265)241-9041
Maria,Bailey,mbaileye1@mediafire.com,200.80.202.82,234-(942)887-8186
Amanda,Vasquez,avasqueze2@jigsy.com,87.5.46.141,84-(727)179-7458
William,Hamilton,whamiltone3@ifeng.com,251.74.101.70,7-(201)910-3749
Ann,Pierce,apiercee4@example.com,55.194.231.149,86-(982)890-5507
Dennis,Campbell,dcampbelle5@webs.com,99.128.134.206,63-(295)106-6961
Heather,Perkins,hperkinse6@ca.gov,71.17.119.112,81-(387)745-8986
Anne,Mcdonald,amcdonalde7@mit.edu,51.6.221.52,86-(733)539-5965
Carolyn,Bishop,cbishope8@cnbc.com,216.101.70.119,386-(561)374-2999
Barbara,Fernandez,bfernandeze9@wired.com,110.39.43.41,63-(464)804-5512
Betty,Patterson,bpattersonea@bbb.org,207.30.152.44,963-(238)714-0123
Deborah,Moreno,dmorenoeb@weibo.com,157.6.63.37,34-(538)161-0063
Harold,Palmer,hpalmerec@gizmodo.com,202.216.5.2,84-(366)271-7512
George,Lewis,glewised@constantcontact.com,88.239.190.23,48-(272)916-5553
Ronald,Lynch,rlynchee@marketwatch.com,55.119.57.65,56-(180)454-6667
Sara,Wagner,swagneref@cdc.gov,242.205.190.212,55-(420)820-6079
Ann,Cole,acoleeg@fc2.com,90.118.179.216,7-(526)216-1307
Jonathan,Ramirez,jramirezeh@pagesperso-orange.fr,148.207.155.157,51-(335)635-9033
Walter,Anderson,wandersonei@imageshack.us,7.63.229.102,63-(571)123-4338
Christine,Simmons,csimmonsej@google.com.au,243.159.148.220,55-(944)364-0675
Kimberly,Gibson,kgibsonek@free.fr,48.115.9.186,54-(700)466-1562
Alice,Shaw,ashawel@ed.gov,196.42.112.226,46-(294)902-3387
Jeffrey,Peters,jpetersem@foxnews.com,28.185.72.214,7-(945)340-8899
Thomas,Garrett,tgarretten@npr.org,70.176.252.211,81-(102)104-3245
Kevin,Nichols,knicholseo@whitehouse.gov,163.40.151.149,1-(820)161-4489
Wanda,Gonzales,wgonzalesep@prnewswire.com,140.165.126.102,381-(631)199-6461
Paul,Washington,pwashingtoneq@xing.com,89.196.196.105,56-(698)483-0347
Rachel,Howard,rhowarder@cyberchimps.com,133.44.235.212,234-(607)949-4885
Sara,Jordan,sjordanes@toplist.cz,133.201.201.249,53-(289)329-9948
Jeremy,Ray,jrayet@answers.com,53.219.170.47,81-(792)438-9247
David,Flores,dfloreseu@dedecms.com,171.41.229.206,86-(540)235-2310
Kathryn,Henderson,khendersonev@cmu.edu,196.56.120.9,1-(513)257-2931
Melissa,Robertson,mrobertsonew@nytimes.com,222.194.23.183,86-(124)205-9773
Michelle,Carpenter,mcarpenterex@tmall.com,82.42.195.33,55-(597)288-7206
Larry,Ross,lrossey@arstechnica.com,142.237.152.144,93-(448)462-8622
Joe,Rodriguez,jrodriguezez@sphinn.com,6.162.204.56,86-(716)229-6251
Cheryl,Butler,cbutlerf0@guardian.co.uk,63.253.49.71,351-(658)494-1839
Christina,Peters,cpetersf1@latimes.com,17.250.68.167,265-(825)848-5623
Amy,Vasquez,avasquezf2@diigo.com,44.200.88.15,371-(469)675-8184
Rachel,Greene,rgreenef3@google.es,216.134.102.149,86-(228)618-5400
Adam,Spencer,aspencerf4@furl.net,19.9.57.98,385-(987)708-0445
Juan,Lane,jlanef5@marriott.com,112.66.119.116,95-(122)723-7394
James,Andrews,jandrewsf6@ca.gov,239.224.44.232,30-(303)349-5788
Eugene,Gordon,egordonf7@rakuten.co.jp,206.145.181.40,216-(640)351-9771
William,Tucker,wtuckerf8@miitbeian.gov.cn,61.144.208.40,7-(872)877-3592
Tina,Gonzalez,tgonzalezf9@aboutads.info,55.26.177.120,7-(198)661-0148
Evelyn,West,ewestfa@shareasale.com,89.94.249.109,1-(404)872-1766
Virginia,Mitchell,vmitchellfb@discovery.com,135.0.151.97,81-(981)141-4745
Billy,Stephens,bstephensfc@usnews.com,153.198.146.99,60-(393)325-2834
Ronald,Reid,rreidfd@ebay.co.uk,73.10.42.61,66-(905)587-9348
Phillip,Porter,pporterfe@vimeo.com,35.253.32.110,226-(978)777-4928
Larry,Matthews,lmatthewsff@uol.com.br,129.2.87.209,33-(216)480-0535
Bonnie,Cruz,bcruzfg@jiathis.com,112.236.164.153,420-(480)486-3568
Amanda,Pierce,apiercefh@psu.edu,246.225.123.0,54-(870)691-3469
Amanda,Flores,afloresfi@auda.org.au,195.227.112.149,86-(508)765-2615
Scott,Morrison,smorrisonfj@ucla.edu,50.233.61.210,966-(668)169-0701
Christopher,Martinez,cmartinezfk@vkontakte.ru,99.80.44.170,54-(891)615-4946
Bruce,Boyd,bboydfl@ezinearticles.com,228.187.236.17,385-(908)266-6203
Nicole,Oliver,noliverfm@bloglovin.com,238.187.184.67,7-(880)443-8237
Michael,Hunt,mhuntfn@hc360.com,91.20.180.142,7-(437)106-0474
Rebecca,Gonzales,rgonzalesfo@imgur.com,229.46.151.193,51-(424)506-4535
Ryan,Nguyen,rnguyenfp@house.gov,247.118.200.59,86-(906)719-2485
Timothy,Bell,tbellfq@ted.com,174.39.27.51,58-(549)213-7139
Kathy,Hawkins,khawkinsfr@studiopress.com,185.70.251.224,58-(202)938-6280
Pamela,Boyd,pboydfs@europa.eu,132.89.135.3,63-(366)638-0793
Keith,Boyd,kboydft@tripadvisor.com,34.231.173.210,30-(723)439-1015
Robert,Payne,rpaynefu@wix.com,33.70.31.220,63-(589)938-7222
Mildred,Griffin,mgriffinfv@usgs.gov,214.203.128.247,63-(684)240-1268
Angela,Banks,abanksfw@examiner.com,159.15.244.114,995-(190)829-3901
Joshua,Gonzales,jgonzalesfx@meetup.com,46.96.5.52,1-(828)773-5897
Phillip,Rice,pricefy@example.com,3.38.244.92,86-(301)339-8279
Eric,Elliott,eelliottfz@bandcamp.com,60.238.156.10,86-(552)322-1636
Evelyn,Bell,ebellg0@va.gov,128.176.212.69,63-(143)542-5059
Diana,Adams,dadamsg1@tumblr.com,229.251.133.199,970-(716)331-0293
Lisa,Lawrence,llawrenceg2@typepad.com,192.66.153.121,46-(963)242-5729
Richard,Frazier,rfrazierg3@twitpic.com,199.78.240.16,57-(791)253-3467
Mary,Williamson,mwilliamsong4@cornell.edu,15.79.200.145,86-(202)763-4022
Kelly,Garcia,kgarciag5@mapquest.com,24.50.5.196,54-(337)351-6946
Victor,Crawford,vcrawfordg6@infoseek.co.jp,165.34.19.171,682-(566)323-4666
Beverly,Garcia,bgarciag7@last.fm,68.241.251.244,63-(772)721-7642
Debra,Williams,dwilliamsg8@alibaba.com,41.91.118.179,86-(132)181-8621
Shirley,Richards,srichardsg9@sun.com,41.130.4.244,351-(545)939-2199
Philip,Hayes,phayesga@accuweather.com,132.50.197.192,7-(468)771-5206
Robert,Roberts,rrobertsgb@ehow.com,169.19.101.207,62-(569)971-7850
Chris,Lane,clanegc@google.es,168.190.235.115,55-(904)369-6886
Doris,Powell,dpowellgd@mapy.cz,12.134.233.223,962-(373)571-6886
Doris,Sullivan,dsullivange@exblog.jp,164.136.176.169,86-(292)143-0342
Brian,Stanley,bstanleygf@liveinternet.ru,247.89.135.52,57-(766)328-8112
Aaron,Robertson,arobertsongg@barnesandnoble.com,239.228.161.6,7-(922)698-7749
Amy,Morris,amorrisgh@si.edu,46.155.238.194,55-(842)155-5717
Lillian,Green,lgreengi@ucla.edu,226.213.219.250,86-(752)276-4346
Billy,Fisher,bfishergj@jugem.jp,58.63.220.36,62-(338)343-9016
Samuel,West,swestgk@oaic.gov.au,140.1.254.27,62-(675)164-0084
Charles,Gibson,cgibsongl@edublogs.org,204.233.9.132,1-(505)708-5280
Douglas,King,dkinggm@free.fr,7.223.108.40,351-(135)229-9540
Carl,Russell,crussellgn@seesaa.net,73.180.231.177,33-(127)435-3664
Angela,Watson,awatsongo@va.gov,152.255.32.34,351-(819)118-5269
Jean,Martinez,jmartinezgp@vimeo.com,27.101.192.139,63-(719)739-5499
Willie,Moore,wmooregq@rakuten.co.jp,39.179.197.8,27-(258)183-8841
Stephen,West,swestgr@zdnet.com,245.182.162.54,86-(498)988-6195
Joe,Olson,jolsongs@upenn.edu,190.129.0.146,56-(127)815-4054
Benjamin,Mitchell,bmitchellgt@indiatimes.com,205.5.119.123,86-(198)558-8040
Kenneth,Ryan,kryangu@networkadvertising.org,205.253.171.240,86-(315)604-7722
Jeffrey,Burns,jburnsgv@bloglines.com,215.31.180.160,33-(283)690-9469
Alan,Mason,amasongw@dot.gov,28.66.86.81,502-(212)417-7940
Martha,Alexander,malexandergx@va.gov,185.181.253.176,86-(284)130-0027
Bonnie,Green,bgreengy@dailymail.co.uk,87.161.171.216,54-(811)508-3469
Phillip,Richardson,prichardsongz@drupal.org,32.8.45.163,60-(968)846-3254
Rose,Miller,rmillerh0@yahoo.com,106.0.63.159,62-(120)963-9154
Antonio,Taylor,ataylorh1@msn.com,183.146.218.69,252-(330)566-2759
Marilyn,Nguyen,mnguyenh2@blinklist.com,220.251.226.147,880-(735)766-9071
Tammy,Young,tyoungh3@wiley.com,204.44.61.13,86-(518)631-0132
Steven,Perez,sperezh4@salon.com,200.238.101.234,1-(353)414-2879
Kimberly,Flores,kfloresh5@ehow.com,121.84.255.100,1-(408)689-7220
Phillip,Miller,pmillerh6@godaddy.com,98.97.49.8,355-(221)563-4630
Benjamin,Grant,bgranth7@nifty.com,158.185.12.93,1-(925)326-0325
Brian,Fields,bfieldsh8@phpbb.com,238.65.248.238,62-(855)282-5341
Benjamin,Burton,bburtonh9@ca.gov,122.108.158.74,48-(301)185-6872
Sandra,Hunter,shunterha@youtu.be,215.158.222.136,55-(597)703-2987
Anne,Sullivan,asullivanhb@google.com.hk,238.47.33.195,31-(539)736-1247
Jimmy,Burke,jburkehc@google.com.au,232.108.127.70,386-(779)365-8323
Janice,Oliver,joliverhd@g.co,199.127.27.20,351-(614)206-2442
Stephen,Burke,sburkehe@ucla.edu,181.161.55.78,33-(834)705-9746
Maria,Gibson,mgibsonhf@t.co,177.181.51.181,82-(946)360-6461
Paula,Lopez,plopezhg@bigcartel.com,150.150.9.187,51-(459)450-6023
Alan,Wells,awellshh@addtoany.com,180.179.99.180,48-(837)219-8596
Benjamin,Martinez,bmartinezhi@google.nl,51.226.92.166,7-(805)919-2960
Howard,Wilson,hwilsonhj@telegraph.co.uk,55.172.59.148,51-(351)869-3853
Bruce,Medina,bmedinahk@economist.com,61.162.30.44,62-(808)324-2094
James,Bryant,jbryanthl@earthlink.net,222.1.232.242,86-(297)218-8552
Shirley,Sanchez,ssanchezhm@mail.ru,65.37.148.146,84-(246)886-3542
Elizabeth,Perkins,eperkinshn@weebly.com,246.115.136.97,55-(321)944-1511
Shirley,Sanchez,ssanchezho@skyrock.com,169.137.13.250,86-(249)652-0624
Janice,Greene,jgreenehp@techcrunch.com,113.131.97.103,48-(933)520-8470
Tammy,Carr,tcarrhq@newyorker.com,106.105.84.48,86-(808)618-3173
Christina,Reynolds,creynoldshr@spotify.com,26.175.191.48,81-(211)581-5861
Bobby,Day,bdayhs@hao123.com,136.7.131.171,86-(655)428-0573
Anne,Reid,areidht@china.com.cn,219.121.69.37,351-(292)822-6469
Todd,Palmer,tpalmerhu@networksolutions.com,125.133.205.48,33-(714)227-9733
Wanda,Anderson,wandersonhv@sciencedirect.com,168.163.171.171,351-(636)374-3724
Lillian,Moreno,lmorenohw@apache.org,129.162.100.249,62-(393)371-6234
Juan,Gutierrez,jgutierrezhx@unc.edu,88.127.55.68,81-(937)499-7775
Andrea,Murray,amurrayhy@stumbleupon.com,224.4.186.134,57-(216)990-0336
Lillian,Franklin,lfranklinhz@godaddy.com,206.249.119.99,850-(774)231-0673
Harry,Taylor,htaylori0@cbsnews.com,130.237.252.46,48-(679)786-3674
Ryan,Payne,rpaynei1@google.ca,30.171.227.155,52-(845)870-5786
Richard,Carter,rcarteri2@homestead.com,121.98.13.109,234-(390)892-4976
Lori,Duncan,lduncani3@themeforest.net,64.239.166.200,7-(733)269-6354
Frank,Little,flittlei4@utexas.edu,180.221.241.251,62-(823)207-6542
David,Ward,dwardi5@theglobeandmail.com,169.24.75.252,63-(748)429-1220
Anthony,Jones,ajonesi6@4shared.com,37.137.68.22,84-(777)437-1623
Benjamin,Long,blongi7@yellowpages.com,15.199.70.157,380-(121)628-7670
Frances,Ramirez,framirezi8@reddit.com,70.38.34.35,62-(545)512-0617
Carolyn,Robertson,crobertsoni9@mac.com,245.68.159.255,1-(146)445-1917
Jonathan,Dunn,jdunnia@nsw.gov.au,236.43.192.146,54-(759)519-1224
Sharon,Fox,sfoxib@blinklist.com,175.208.71.142,46-(974)603-6668
Brian,Thomas,bthomasic@forbes.com,2.107.255.241,63-(144)857-1717
George,Payne,gpayneid@admin.ch,56.49.60.49,62-(925)832-7651
Jimmy,Ford,jfordie@hc360.com,245.29.158.45,255-(674)429-0025
Lori,Henderson,lhendersonif@miitbeian.gov.cn,215.67.208.111,86-(807)466-6453
Walter,Lee,wleeig@hostgator.com,179.247.177.241,7-(688)186-8878
Alice,Murray,amurrayih@networkadvertising.org,120.56.222.201,48-(478)672-1723
Juan,Adams,jadamsii@biglobe.ne.jp,57.227.210.248,30-(374)505-6256
Cheryl,Gardner,cgardnerij@drupal.org,219.223.135.87,62-(395)773-7449
Shirley,Garrett,sgarrettik@360.cn,106.191.223.13,234-(707)125-4556
Gloria,Spencer,gspenceril@cbc.ca,75.173.170.21,7-(559)678-0027
Sharon,Berry,sberryim@artisteer.com,152.251.241.163,995-(391)411-7696
Donald,Burns,dburnsin@acquirethisname.com,102.166.118.243,66-(281)422-1727
Katherine,Wallace,kwallaceio@vk.com,88.158.209.34,54-(461)647-5870
Barbara,Sims,bsimsip@guardian.co.uk,154.194.123.170,51-(466)153-5944
Juan,Hawkins,jhawkinsiq@privacy.gov.au,113.159.253.249,976-(555)213-6035
Lisa,Spencer,lspencerir@shop-pro.jp,6.99.31.27,62-(517)379-1928
Patrick,Wallace,pwallaceis@posterous.com,210.39.63.38,389-(330)220-2006
Christina,Mendoza,cmendozait@cpanel.net,206.131.167.233,7-(327)170-2744
Gregory,Price,gpriceiu@fastcompany.com,75.82.162.7,64-(983)186-3145
Alice,Cruz,acruziv@ocn.ne.jp,211.38.221.63,86-(117)881-8850
Rachel,Howell,rhowelliw@plala.or.jp,35.171.182.183,374-(381)550-8343
Ann,Fernandez,afernandezix@globo.com,113.202.120.112,62-(788)997-5958
Kelly,Mason,kmasoniy@liveinternet.ru,30.203.235.239,57-(316)740-4563
Joan,Bennett,jbennettiz@mysql.com,213.9.240.198,256-(636)359-5663
Carl,Walker,cwalkerj0@printfriendly.com,15.92.80.94,502-(942)718-8519
Kimberly,Clark,kclarkj1@indiatimes.com,163.241.62.179,46-(570)365-3699
Doris,Bradley,dbradleyj2@privacy.gov.au,231.35.173.187,48-(482)122-9065
Gerald,Davis,gdavisj3@people.com.cn,137.210.29.70,55-(823)732-8492
Denise,Henderson,dhendersonj4@washingtonpost.com,182.111.77.175,63-(517)919-2682
Margaret,Chavez,mchavezj5@ted.com,213.58.144.222,264-(126)798-3434
Sarah,Rogers,srogersj6@stanford.edu,57.100.40.112,351-(785)710-1815
Martha,Snyder,msnyderj7@wired.com,6.38.162.196,234-(851)519-3480
Juan,Washington,jwashingtonj8@princeton.edu,22.117.164.145,353-(377)457-0825
Joan,Warren,jwarrenj9@phpbb.com,162.201.198.108,63-(591)653-2786
Justin,Cole,jcoleja@nih.gov,186.219.8.201,86-(158)696-7407
Christina,Johnston,cjohnstonjb@exblog.jp,157.123.195.31,420-(248)872-4137
Doris,Scott,dscottjc@seesaa.net,196.34.120.235,86-(442)697-1995
Eric,Snyder,esnyderjd@cnbc.com,173.205.152.218,63-(828)161-4401
Jacqueline,Richards,jrichardsje@go.com,146.16.185.47,86-(642)718-0400
Emily,Bailey,ebaileyjf@nbcnews.com,126.120.12.201,502-(648)208-6743
Thomas,West,twestjg@elpais.com,134.83.128.214,7-(897)202-5954
Kathryn,Little,klittlejh@com.com,130.29.169.58,48-(376)581-9998
Tina,Howard,thowardji@woothemes.com,195.12.47.208,55-(430)953-8950
Stephanie,Gibson,sgibsonjj@ft.com,148.89.98.68,31-(729)462-1027
Katherine,Olson,kolsonjk@microsoft.com,95.77.71.243,62-(248)257-9430
Philip,White,pwhitejl@twitter.com,10.200.198.131,44-(840)754-5753
Scott,Stephens,sstephensjm@dropbox.com,159.47.29.108,62-(326)975-5012
Peter,Vasquez,pvasquezjn@va.gov,140.208.191.79,86-(123)718-1280
Jacqueline,Ferguson,jfergusonjo@free.fr,2.22.140.229,56-(509)595-5741
Sandra,Lane,slanejp@irs.gov,112.145.126.142,351-(286)162-9608
Brenda,Washington,bwashingtonjq@csmonitor.com,243.185.141.45,66-(852)608-3030
Clarence,Harrison,charrisonjr@sina.com.cn,7.38.231.24,66-(944)489-3861
Joe,Crawford,jcrawfordjs@psu.edu,73.195.93.232,351-(792)351-1022
Christine,Burke,cburkejt@latimes.com,214.104.9.235,46-(731)516-1539
Harry,Black,hblackju@seesaa.net,93.54.39.128,7-(626)963-7548
Barbara,Riley,brileyjv@samsung.com,28.81.194.194,86-(858)350-8897
Nicole,Bowman,nbowmanjw@nymag.com,235.100.198.162,86-(555)659-7924
Edward,Freeman,efreemanjx@shop-pro.jp,193.136.134.239,63-(329)735-5770
Billy,Howard,bhowardjy@slideshare.net,166.194.227.221,63-(391)514-9985
Gary,James,gjamesjz@redcross.org,25.197.39.207,84-(168)225-7120
Cheryl,Reed,creedk0@psu.edu,49.47.237.215,371-(404)964-9017
Steve,Graham,sgrahamk1@jalbum.net,211.13.58.201,502-(310)629-7664
Carlos,Barnes,cbarnesk2@harvard.edu,28.33.68.187,52-(614)635-0318
Sharon,Thompson,sthompsonk3@mtv.com,126.100.226.152,86-(923)207-3217
Johnny,Montgomery,jmontgomeryk4@amazon.co.jp,123.68.222.60,358-(465)338-5213
Robert,Holmes,rholmesk5@google.nl,157.92.152.129,86-(692)932-5666
Tammy,Gonzales,tgonzalesk6@typepad.com,147.75.7.247,55-(480)515-3215
Randy,Stewart,rstewartk7@usa.gov,205.239.97.134,375-(165)225-8788
Patrick,Anderson,pandersonk8@irs.gov,130.131.124.198,86-(713)925-6722
Michael,Campbell,mcampbellk9@webnode.com,165.88.110.94,86-(809)710-9346
Ralph,Carpenter,rcarpenterka@joomla.org,89.107.63.113,33-(896)736-7097
Joshua,Montgomery,jmontgomerykb@opera.com,144.155.112.119,249-(145)657-1993
Doris,Knight,dknightkc@cargocollective.com,212.213.136.134,86-(325)653-3060
Wayne,Myers,wmyerskd@wiley.com,81.38.163.133,7-(841)774-8279
Emily,Schmidt,eschmidtke@ucla.edu,21.221.237.156,374-(951)988-7166
Terry,Mendoza,tmendozakf@soup.io,164.170.55.77,254-(738)387-3757
Harold,Barnes,hbarneskg@patch.com,173.68.172.144,33-(198)980-3213
Jessica,Chapman,jchapmankh@com.com,210.152.150.175,84-(841)319-2705
Aaron,Harrison,aharrisonki@sbwire.com,161.123.22.94,86-(316)572-5319
Roy,Turner,rturnerkj@census.gov,11.203.160.104,357-(632)188-9609
Kathleen,Davis,kdaviskk@google.cn,234.77.69.188,81-(773)711-4757
Catherine,Carter,ccarterkl@amazon.co.jp,10.237.123.94,27-(492)728-4999
Todd,Morales,tmoraleskm@sciencedirect.com,58.245.60.184,63-(843)292-4838
Shirley,Bryant,sbryantkn@yolasite.com,210.202.143.211,86-(291)774-5441
Melissa,Adams,madamsko@parallels.com,50.62.64.188,692-(781)679-3700
Harold,Romero,hromerokp@linkedin.com,107.220.16.52,63-(835)672-9428
Joan,Robertson,jrobertsonkq@seattletimes.com,74.63.97.77,267-(127)861-5633
Elizabeth,Nelson,enelsonkr@nbcnews.com,12.43.82.176,98-(278)366-9450
Joan,Marshall,jmarshallks@blogtalkradio.com,159.75.184.46,218-(625)618-6362
Jessica,Coleman,jcolemankt@gnu.org,31.188.192.192,57-(804)819-5909
Ashley,Phillips,aphillipsku@yahoo.com,58.246.181.36,86-(786)929-3078
Karen,Graham,kgrahamkv@ovh.net,25.168.17.83,62-(305)189-2375
Harold,Stone,hstonekw@360.cn,245.1.22.247,1-(478)324-4905
Ryan,Freeman,rfreemankx@hao123.com,195.130.70.215,33-(116)992-5401
Samuel,Meyer,smeyerky@flickr.com,72.228.145.201,62-(431)407-0963
Carolyn,Robertson,crobertsonkz@diigo.com,116.86.86.244,380-(986)693-5942
Richard,Robinson,rrobinsonl0@hostgator.com,2.85.185.221,86-(446)431-4323
Kathleen,Graham,kgrahaml1@shinystat.com,195.152.149.42,86-(754)563-5774
Jason,Cook,jcookl2@gravatar.com,236.44.182.107,86-(230)277-8231
Doris,Williams,dwilliamsl3@eventbrite.com,141.173.71.147,52-(664)420-1458
Diana,Oliver,doliverl4@un.org,230.82.201.40,234-(604)469-1665
Lawrence,Chapman,lchapmanl5@chronoengine.com,142.115.31.11,84-(114)319-0601
Brandon,Sanders,bsandersl6@geocities.com,42.60.71.120,62-(981)229-9702
Jose,Sanders,jsandersl7@cyberchimps.com,185.145.24.233,353-(930)896-2483
Patricia,Garrett,pgarrettl8@cargocollective.com,64.204.201.254,1-(513)675-1797
Kelly,Cox,kcoxl9@php.net,74.75.77.164,260-(416)792-9336
David,Lynch,dlynchla@nbcnews.com,83.168.112.24,86-(937)660-1158
Terry,Banks,tbankslb@loc.gov,0.79.249.232,46-(669)929-3927
Wayne,Ruiz,wruizlc@loc.gov,100.131.118.43,62-(468)696-2026
Ralph,Bishop,rbishopld@si.edu,120.170.200.217,1-(901)502-1255
Betty,Henry,bhenryle@examiner.com,218.253.253.22,86-(443)688-8516
Cynthia,Stone,cstonelf@devhub.com,222.17.147.132,7-(245)995-0853
Jeffrey,Armstrong,jarmstronglg@ucla.edu,66.13.113.132,86-(877)601-1972
Denise,Grant,dgrantlh@over-blog.com,50.206.243.4,230-(892)459-3344
William,Lee,wleeli@constantcontact.com,144.9.73.48,967-(710)682-8430
Ruby,Garcia,rgarcialj@zimbio.com,155.49.16.240,86-(245)860-7982
Tammy,Ferguson,tfergusonlk@theguardian.com,117.127.109.61,62-(393)553-8825
Lori,Berry,lberryll@tuttocitta.it,87.28.101.60,62-(545)653-3707
Robert,Howard,rhowardlm@huffingtonpost.com,125.253.122.186,973-(678)754-3757
Kelly,Spencer,kspencerln@arstechnica.com,59.31.89.58,970-(379)642-0861
Christine,Price,cpricelo@ca.gov,197.26.154.168,63-(198)984-4132
Sean,Owens,sowenslp@seattletimes.com,61.201.14.59,81-(933)301-6122
Alan,Clark,aclarklq@printfriendly.com,75.81.77.104,353-(930)981-5895
Carlos,Stephens,cstephenslr@com.com,52.30.219.165,504-(562)892-4691
Alan,King,akingls@networkadvertising.org,58.36.168.88,33-(601)479-5500
Janet,Hawkins,jhawkinslt@prnewswire.com,161.34.59.76,373-(496)373-4745
Juan,Grant,jgrantlu@exblog.jp,136.74.233.159,351-(884)167-3742
Linda,Gilbert,lgilbertlv@skype.com,247.116.152.130,92-(141)240-7147
Barbara,Morrison,bmorrisonlw@tiny.cc,227.6.248.220,92-(893)877-0778
Carlos,Bailey,cbaileylx@pagesperso-orange.fr,134.86.62.52,7-(677)581-7543
Russell,Murray,rmurrayly@webeden.co.uk,80.50.7.159,33-(234)336-7284
Louis,Burke,lburkelz@xing.com,217.117.144.76,86-(399)515-3765
Cynthia,Robinson,crobinsonm0@smugmug.com,135.106.172.97,62-(612)508-3473
Anthony,Campbell,acampbellm1@nsw.gov.au,210.12.254.108,62-(476)900-2197
Charles,Howell,chowellm2@microsoft.com,66.141.121.59,389-(570)238-7987
Heather,Garrett,hgarrettm3@xinhuanet.com,233.155.11.5,63-(630)418-2469
Annie,Lynch,alynchm4@google.de,92.240.212.229,51-(957)959-4090
Deborah,Gutierrez,dgutierrezm5@cnbc.com,65.71.244.40,380-(989)496-1471
Arthur,Hill,ahillm6@skyrock.com,132.31.124.106,63-(539)154-6264
Louis,Coleman,lcolemanm7@ft.com,72.165.189.99,380-(403)580-0118
Paul,Harrison,pharrisonm8@meetup.com,131.207.71.6,351-(419)789-2924
Cheryl,Cole,ccolem9@discuz.net,144.146.50.25,503-(525)458-5004
Joyce,Dixon,jdixonma@yelp.com,119.65.82.188,86-(890)136-0862
Judith,Cook,jcookmb@behance.net,226.97.226.42,351-(740)706-3661
Phyllis,Simmons,psimmonsmc@ucoz.ru,215.211.219.42,86-(617)678-9380
George,Black,gblackmd@clickbank.net,160.231.86.142,351-(955)902-6852
Gloria,Reid,greidme@squidoo.com,95.178.16.70,63-(138)368-1894
Jeremy,Gonzales,jgonzalesmf@simplemachines.org,72.249.132.88,249-(460)171-2405
Adam,Cox,acoxmg@globo.com,227.34.249.71,968-(251)353-0117
Diane,Gonzalez,dgonzalezmh@exblog.jp,250.215.235.75,212-(477)846-0270
Peter,Stevens,pstevensmi@xrea.com,132.121.13.12,86-(580)142-9352
Martha,Hicks,mhicksmj@reverbnation.com,124.187.55.222,86-(448)135-3348
Charles,Hamilton,chamiltonmk@latimes.com,53.208.158.213,212-(837)730-0930
Cynthia,Matthews,cmatthewsml@example.com,98.145.23.66,62-(102)470-5892
John,Alexander,jalexandermm@google.ru,139.164.200.160,51-(541)904-1674
Jonathan,Graham,jgrahammn@aol.com,138.179.169.245,7-(224)862-3112
Anne,Kelley,akelleymo@furl.net,2.177.35.49,86-(531)628-3802
Janice,Parker,jparkermp@tinypic.com,28.229.244.193,1-(203)862-7811
Ann,Mitchell,amitchellmq@intel.com,66.155.112.231,355-(911)265-9439
Judith,Wagner,jwagnermr@slideshare.net,82.15.195.96,86-(519)634-5775
Albert,Olson,aolsonms@amazon.com,166.184.97.219,86-(854)603-4248
Matthew,Morris,mmorrismt@dailymail.co.uk,226.49.213.135,1-(425)637-8298
Mary,Lopez,mlopezmu@geocities.jp,233.227.145.229,504-(389)910-3664
Kathy,Foster,kfostermv@e-recht24.de,81.183.91.189,265-(776)404-4843
Randy,Johnson,rjohnsonmw@biglobe.ne.jp,106.163.242.98,51-(741)940-2081
Wayne,Porter,wportermx@flickr.com,183.25.56.202,86-(771)627-6557
Anthony,Rodriguez,arodriguezmy@fastcompany.com,39.0.97.83,385-(303)340-3099
Alan,Gardner,agardnermz@redcross.org,7.3.206.248,62-(226)905-5419
Russell,Wagner,rwagnern0@phoca.cz,117.171.228.28,236-(719)553-2751
Teresa,Crawford,tcrawfordn1@usnews.com,25.76.250.92,230-(760)428-5994
Donald,Wheeler,dwheelern2@liveinternet.ru,252.14.161.154,52-(894)146-7273
Gary,Black,gblackn3@hud.gov,146.131.214.217,86-(198)366-0493
Craig,Wilson,cwilsonn4@businessinsider.com,249.221.238.253,27-(976)895-1589
Timothy,Ford,tfordn5@meetup.com,246.111.17.150,62-(270)810-5866
Gerald,Johnson,gjohnsonn6@columbia.edu,79.52.93.105,62-(104)927-0302
Jimmy,Rivera,jriveran7@mail.ru,2.213.220.184,86-(651)918-5949
Adam,Cruz,acruzn8@topsy.com,117.141.108.63,62-(423)435-6732
Harry,Ramos,hramosn9@seattletimes.com,105.58.209.35,47-(370)253-5944
Andrea,Shaw,ashawna@mysql.com,40.207.194.27,86-(815)251-3748
Janet,Fuller,jfullernb@ustream.tv,158.47.152.78,33-(504)874-9794
Lois,Little,llittlenc@1688.com,115.162.188.103,86-(409)449-4745
Eric,Lynch,elynchnd@netscape.com,159.187.191.202,1-(286)162-3138
Kelly,Brooks,kbrooksne@bigcartel.com,124.45.190.69,7-(902)169-7591
David,Reynolds,dreynoldsnf@arizona.edu,166.51.30.234,506-(665)842-5203
Pamela,Price,ppriceng@wired.com,177.140.239.170,351-(672)476-4257
Louise,Owens,lowensnh@prweb.com,17.32.217.107,261-(895)270-3563
Randy,Robinson,rrobinsonni@vk.com,46.58.46.71,7-(639)249-4788
Donald,Bell,dbellnj@rambler.ru,125.56.118.123,48-(898)719-5614
Jason,Montgomery,jmontgomerynk@addthis.com,111.209.180.12,55-(934)635-8912
Howard,Oliver,holivernl@economist.com,169.19.90.225,7-(483)456-3595
Betty,Webb,bwebbnm@cmu.edu,62.219.181.95,62-(267)363-3750
Christopher,Lynch,clynchnn@desdev.cn,163.45.195.239,53-(366)907-9894
Terry,Watson,twatsonno@php.net,63.237.51.111,62-(405)161-4456
Jonathan,Patterson,jpattersonnp@g.co,208.237.208.215,62-(152)432-7637
Christina,Green,cgreennq@msu.edu,253.39.150.192,62-(466)686-4957
Randy,Marshall,rmarshallnr@tuttocitta.it,7.72.129.56,64-(888)929-2880
Jacqueline,Myers,jmyersns@cafepress.com,95.194.128.83,62-(757)265-2813
Bobby,Carr,bcarrnt@google.es,63.158.31.21,33-(112)349-8765
Gerald,Harper,gharpernu@gravatar.com,188.196.149.67,62-(113)133-2440
Brenda,Castillo,bcastillonv@fastcompany.com,107.18.9.86,380-(738)143-2823
Catherine,Bradley,cbradleynw@scribd.com,47.249.198.190,62-(172)210-0264
Andrea,Dixon,adixonnx@exblog.jp,141.125.187.41,81-(388)258-9735
Ryan,Vasquez,rvasquezny@netvibes.com,91.212.170.235,86-(397)940-6523
Martin,Riley,mrileynz@samsung.com,0.150.11.64,234-(136)188-1916
Paul,Jones,pjoneso0@icio.us,92.132.32.51,51-(724)656-8504
Norma,Webb,nwebbo1@tinypic.com,89.197.110.38,86-(427)266-1363
Donald,Gardner,dgardnero2@friendfeed.com,14.85.12.162,507-(583)328-8442
Michael,Olson,molsono3@webeden.co.uk,193.21.236.133,1-(541)906-4047
Joseph,Andrews,jandrewso4@wix.com,64.12.145.168,86-(943)679-8566
Marie,Fuller,mfullero5@reverbnation.com,176.159.200.205,7-(940)662-7696
Walter,Hudson,whudsono6@nbcnews.com,163.107.68.184,86-(399)250-5951
Charles,Greene,cgreeneo7@wp.com,226.68.182.25,46-(788)640-7232
Jimmy,Baker,jbakero8@networksolutions.com,213.202.56.112,994-(942)565-0488
Maria,Jones,mjoneso9@hc360.com,188.224.23.135,351-(279)626-5963
Phillip,Carter,pcarteroa@yahoo.co.jp,118.146.120.70,7-(525)736-2118
Shawn,Lawrence,slawrenceob@behance.net,102.129.247.248,86-(955)806-4619
Juan,Washington,jwashingtonoc@taobao.com,116.81.89.189,380-(859)382-5603
Ann,Burns,aburnsod@discuz.net,27.243.184.97,62-(241)568-9661
Jacqueline,Lawson,jlawsonoe@ucoz.ru,30.150.140.139,63-(327)578-0115
Timothy,Rodriguez,trodriguezof@wufoo.com,173.178.182.67,7-(439)210-9485
Jeffrey,Bailey,jbaileyog@exblog.jp,156.154.98.85,62-(746)816-0934
Theresa,Riley,trileyoh@msn.com,132.22.128.20,63-(680)959-5764
Debra,West,dwestoi@epa.gov,250.52.214.208,60-(673)610-2768
Joyce,Snyder,jsnyderoj@lycos.com,185.238.196.184,86-(276)434-4534
Jennifer,Turner,jturnerok@who.int,70.225.161.117,-(807)677-1988
Donald,Morales,dmoralesol@digg.com,113.142.155.204,55-(364)199-8664
Joshua,Daniels,jdanielsom@virginia.edu,23.148.51.56,53-(373)129-9176
Daniel,Davis,ddavison@aol.com,176.72.7.28,84-(432)533-7269
Kathleen,Warren,kwarrenoo@simplemachines.org,210.233.111.61,1-(915)934-4776
Jose,Fuller,jfullerop@prnewswire.com,205.168.23.16,46-(733)986-2795
Janet,Ellis,jellisoq@xinhuanet.com,216.224.9.30,963-(161)172-8054
Kathleen,Mccoy,kmccoyor@bbc.co.uk,65.110.51.71,52-(735)230-1524
Brian,Jordan,bjordanos@microsoft.com,226.210.58.74,260-(751)157-5953
Maria,Little,mlittleot@goo.ne.jp,8.115.122.240,55-(815)728-0038
Billy,Willis,bwillisou@telegraph.co.uk,63.19.3.130,62-(679)316-0557
Peter,Ruiz,pruizov@reddit.com,201.169.68.198,7-(740)818-3378
Lisa,Carpenter,lcarpenterow@umich.edu,4.43.107.238,7-(549)384-6449
Lawrence,Hanson,lhansonox@amazon.com,252.72.51.255,54-(925)265-1546
Jane,Knight,jknightoy@eventbrite.com,120.124.196.72,63-(658)171-3403
Patricia,Howell,phowelloz@who.int,127.206.116.214,351-(450)455-0370
Jerry,Watkins,jwatkinsp0@github.io,206.68.20.36,86-(380)252-3054
Douglas,Stewart,dstewartp1@list-manage.com,15.190.214.50,7-(405)864-7225
Howard,Fernandez,hfernandezp2@cnn.com,44.142.108.239,62-(691)508-9426
Ashley,Freeman,afreemanp3@live.com,159.204.39.227,62-(491)939-4926
Scott,Carter,scarterp4@goo.ne.jp,187.202.152.87,51-(694)442-6163
Jack,Thompson,jthompsonp5@eepurl.com,104.225.40.15,55-(684)354-3319
Jose,Myers,jmyersp6@xing.com,221.166.191.5,86-(942)954-9191
Annie,Diaz,adiazp7@google.co.uk,220.89.147.82,54-(100)203-2526
Russell,Kennedy,rkennedyp8@nifty.com,105.249.46.241,94-(599)380-5358
Sandra,Holmes,sholmesp9@foxnews.com,214.86.13.2,62-(791)138-1878
Jesse,Carpenter,jcarpenterpa@usda.gov,196.115.81.245,387-(922)316-4122
Jeffrey,Rodriguez,jrodriguezpb@facebook.com,78.122.241.201,52-(342)156-0950
Sharon,Sanchez,ssanchezpc@apple.com,254.109.53.25,245-(474)804-1462
Carol,Fernandez,cfernandezpd@spotify.com,51.117.79.59,375-(720)867-1348
Ruth,Grant,rgrantpe@acquirethisname.com,23.242.181.199,33-(456)451-0464
Sharon,Shaw,sshawpf@hp.com,150.173.194.38,86-(654)169-4453
Rebecca,Webb,rwebbpg@webmd.com,237.149.103.7,93-(468)554-3433
Justin,Lawrence,jlawrenceph@hao123.com,202.40.16.67,381-(324)910-8396
Phyllis,Clark,pclarkpi@howstuffworks.com,155.44.17.178,86-(503)470-8896
Justin,Perez,jperezpj@furl.net,233.10.61.72,55-(115)119-1670
Phyllis,Garrett,pgarrettpk@google.es,231.94.97.12,380-(262)412-0869
Ernest,Wood,ewoodpl@mayoclinic.com,10.124.153.211,591-(977)936-3434
Patrick,Nelson,pnelsonpm@shop-pro.jp,149.89.188.4,387-(195)684-9178
Kimberly,Oliver,koliverpn@hatena.ne.jp,174.49.140.155,63-(706)123-2118
Theresa,Ford,tfordpo@webnode.com,41.172.217.84,62-(409)515-3879
Joseph,Stevens,jstevenspp@istockphoto.com,163.56.136.53,57-(411)615-2990
Christopher,Cox,ccoxpq@utexas.edu,22.229.30.125,86-(486)408-3741
Angela,Hart,ahartpr@myspace.com,58.217.237.114,46-(494)506-0462
Gary,Wells,gwellsps@techcrunch.com,226.32.41.200,51-(977)247-1088
Fred,Mitchell,fmitchellpt@hexun.com,44.162.162.193,62-(491)715-7351
Catherine,Arnold,carnoldpu@twitpic.com,181.246.140.196,55-(432)108-0939
Kathryn,Collins,kcollinspv@ning.com,199.243.109.203,381-(126)479-9611
Christina,Spencer,cspencerpw@redcross.org,240.125.137.61,1-(970)530-9169
Kathy,Ellis,kellispx@stanford.edu,104.102.43.237,86-(907)746-6935
Theresa,Ruiz,truizpy@wordpress.org,110.217.54.148,54-(340)997-1149
Juan,Elliott,jelliottpz@123-reg.co.uk,109.245.106.56,234-(897)481-1255
Jessica,Reed,jreedq0@nbcnews.com,160.117.26.18,992-(811)603-3870
Eric,Dixon,edixonq1@yahoo.co.jp,118.117.246.67,81-(195)470-6835
Phillip,Crawford,pcrawfordq2@netscape.com,89.223.82.193,7-(506)342-5888
Robert,Bell,rbellq3@harvard.edu,226.52.161.153,86-(592)773-0453
Fred,Chapman,fchapmanq4@netscape.com,132.95.186.203,48-(654)881-5795
Anna,George,ageorgeq5@nationalgeographic.com,11.21.29.127,48-(731)816-9322
Joe,Fernandez,jfernandezq6@hp.com,178.43.210.10,45-(259)395-4674
Jeffrey,Matthews,jmatthewsq7@state.gov,146.96.146.2,62-(439)257-9185
Albert,White,awhiteq8@angelfire.com,178.247.23.35,63-(456)436-4622
Brandon,Garcia,bgarciaq9@gravatar.com,139.116.31.146,255-(258)166-4204
Scott,King,skingqa@blogspot.com,150.106.144.204,222-(143)960-2670
Thomas,Snyder,tsnyderqb@hibu.com,117.0.227.191,502-(245)418-7386
Diana,Adams,dadamsqc@msu.edu,160.205.130.207,63-(344)203-4893
Rachel,Washington,rwashingtonqd@ucsd.edu,136.230.96.220,52-(585)790-9462
Linda,Wells,lwellsqe@bloglovin.com,123.4.99.148,55-(457)770-8350
Brenda,Green,bgreenqf@devhub.com,57.199.17.31,48-(345)869-3888
Cynthia,Ellis,cellisqg@cbslocal.com,242.215.38.233,267-(900)535-1255
Carolyn,Oliver,coliverqh@pinterest.com,68.87.142.169,66-(199)633-6922
Ryan,Watkins,rwatkinsqi@wikimedia.org,219.153.96.32,351-(569)860-1861
Tina,Hamilton,thamiltonqj@ucoz.com,250.223.25.165,47-(987)624-4809
Christopher,Warren,cwarrenqk@latimes.com,48.192.183.222,92-(748)875-2704
Scott,Reynolds,sreynoldsql@blogs.com,40.92.1.218,86-(799)628-0363
Ruby,Kelley,rkelleyqm@weebly.com,124.169.163.210,86-(207)396-1016
Theresa,Johnson,tjohnsonqn@w3.org,217.195.143.57,86-(482)182-3198
Marie,Henderson,mhendersonqo@salon.com,67.204.137.117,62-(576)683-5762
Anthony,Lopez,alopezqp@washingtonpost.com,38.147.88.253,62-(644)813-7746
Kevin,Henderson,khendersonqq@statcounter.com,208.86.149.37,504-(865)850-0758
Robin,Price,rpriceqr@bluehost.com,30.235.11.172,48-(696)822-7907
Catherine,Harrison,charrisonqs@telegraph.co.uk,95.219.182.203,351-(988)643-5991
Patricia,Weaver,pweaverqt@exblog.jp,66.30.26.254,90-(987)919-9115
Pamela,Carroll,pcarrollqu@e-recht24.de,61.52.5.104,93-(250)727-8955
Larry,Fields,lfieldsqv@engadget.com,211.238.35.125,63-(467)768-1858
Jean,Lewis,jlewisqw@merriam-webster.com,151.121.242.139,1-(240)272-5387
Catherine,Jacobs,cjacobsqx@epa.gov,209.169.67.123,20-(907)480-6834
Bruce,Smith,bsmithqy@nymag.com,60.193.33.143,380-(245)741-8196
Katherine,Harris,kharrisqz@nasa.gov,225.49.81.61,7-(988)917-8734
Donald,Berry,dberryr0@live.com,157.13.65.140,63-(897)163-0544
Pamela,Henderson,phendersonr1@netvibes.com,38.33.109.40,66-(996)105-5956
Randy,Watkins,rwatkinsr2@who.int,52.67.49.192,86-(706)597-1835
Billy,Gonzales,bgonzalesr3@addthis.com,153.11.82.168,261-(637)778-9006
Frank,Oliver,foliverr4@istockphoto.com,89.74.109.57,63-(384)921-3211
Ruby,Rogers,rrogersr5@boston.com,67.189.94.84,63-(950)157-8849
Thomas,Graham,tgrahamr6@multiply.com,77.62.32.211,1-(506)932-0792
Randy,Flores,rfloresr7@oaic.gov.au,137.2.198.255,420-(638)839-9744
Albert,Sanders,asandersr8@soundcloud.com,156.183.165.83,212-(443)878-2226
Pamela,Bailey,pbaileyr9@hubpages.com,17.26.208.71,504-(158)523-5800
Timothy,Watkins,twatkinsra@squarespace.com,176.76.103.237,593-(631)389-2938
Donald,Collins,dcollinsrb@stumbleupon.com,220.244.231.26,86-(273)676-3861
Elizabeth,Wells,ewellsrc@auda.org.au,56.201.217.224,57-(209)423-2595
Phyllis,Crawford,pcrawfordrd@cloudflare.com,116.90.32.200,86-(791)666-6480
Billy,Campbell,bcampbellre@amazon.com,2.81.207.17,62-(791)548-6256
Jessica,Nelson,jnelsonrf@desdev.cn,100.25.221.12,86-(136)251-5788
Robin,Jenkins,rjenkinsrg@cnn.com,154.6.29.14,27-(720)555-3711
Laura,Kim,lkimrh@soup.io,40.64.121.242,46-(231)951-4607
Sean,Price,spriceri@typepad.com,8.178.74.98,55-(857)734-2566
Beverly,Stevens,bstevensrj@issuu.com,99.136.52.242,81-(699)966-7369
William,Chavez,wchavezrk@opensource.org,222.110.192.193,86-(201)628-7358
Linda,Fernandez,lfernandezrl@blinklist.com,8.76.60.202,385-(204)434-9789
Joshua,Ferguson,jfergusonrm@aboutads.info,252.243.159.88,7-(175)796-7801
Jeffrey,Howard,jhowardrn@google.es,244.71.252.96,30-(692)892-9963
Joseph,Matthews,jmatthewsro@webs.com,203.237.237.215,30-(953)221-2651
Ralph,Clark,rclarkrp@jimdo.com,90.63.215.41,86-(538)981-7201
Walter,Oliver,woliverrq@mayoclinic.com,123.213.226.205,251-(877)836-5582
Teresa,Jones,tjonesrr@feedburner.com,141.58.125.68,506-(701)511-5230
